<?xml version="1.0" encoding="UTF-8"?>
<project-private xmlns="http://www.netbeans.org/ns/project-private/1">
    <editor-bookmarks xmlns="http://www.netbeans.org/ns/editor-bookmarks/2" lastBookmarkId="0"/>
    <open-files xmlns="http://www.netbeans.org/ns/projectui-open-files/2">
        <group>
            <file>file:/D:/%5BUNIVERSITAS%20ARY%20GINANJAR%5D/%5BSEMESTER%203%5D/OOP/UAS/project-uas-pbo-manajemen-bioskop/src/uasprj/model/Kursi.java</file>
            <file>file:/D:/%5BUNIVERSITAS%20ARY%20GINANJAR%5D/%5BSEMESTER%203%5D/OOP/UAS/project-uas-pbo-manajemen-bioskop/src/uasprj/model/Pelanggan.java</file>
        </group>
    </open-files>
</project-private>
